algorithm,version,threads,test_id,scramble_depth,scramble,status,solved,verified,solution_length,solution,time_s,mem_peak_mb,mem_search_mb,nodes_expanded,nodes_generated,timeout_s,mem_limit_gb,seed,setup_s,h_initial,nodes_stored
A*,parallel,48,0,1,F',SOLVED,1,1,1,F,0.003016,170.2,0.9,1,18,600.0,120.0,2026,147.764,1.000,19.000
A*,parallel,48,1,1,D',SOLVED,1,1,1,D,0.000525,170.3,0.1,1,18,600.0,120.0,2026,147.764,1.000,19.000
A*,parallel,48,2,1,B2,SOLVED,1,1,1,B2,0.000297,170.4,0.1,1,18,600.0,120.0,2026,147.764,1.000,19.000
A*,parallel,48,3,1,L',SOLVED,1,1,1,L,0.000237,170.4,0.0,1,18,600.0,120.0,2026,147.764,1.000,19.000
A*,parallel,48,4,1,B2,SOLVED,1,1,1,B2,0.000214,170.5,0.0,1,18,600.0,120.0,2026,147.764,1.000,19.000
A*,parallel,48,5,1,B,SOLVED,1,1,1,B',0.000236,170.5,0.0,1,18,600.0,120.0,2026,147.764,1.000,19.000
A*,parallel,48,6,1,B',SOLVED,1,1,1,B,0.000193,170.5,0.0,1,18,600.0,120.0,2026,147.764,1.000,19.000
A*,parallel,48,7,1,R,SOLVED,1,1,1,R',0.000141,170.5,0.0,1,18,600.0,120.0,2026,147.764,1.000,19.000
A*,parallel,48,8,1,R2,SOLVED,1,1,1,R2,0.000151,170.6,0.0,1,18,600.0,120.0,2026,147.764,1.000,19.000
A*,parallel,48,9,1,F,SOLVED,1,1,1,F',0.000173,170.6,0.0,1,18,600.0,120.0,2026,147.764,1.000,19.000
A*,parallel,48,10,2,R D',SOLVED,1,1,2,D R',0.000272,170.6,0.0,2,33,600.0,120.0,2026,147.764,2.000,34.000
A*,parallel,48,11,2,D' L',SOLVED,1,1,2,L D,0.000207,170.6,0.0,2,33,600.0,120.0,2026,147.764,2.000,34.000
A*,parallel,48,12,2,R' B',SOLVED,1,1,2,B R,0.000388,171.0,0.4,2,33,600.0,120.0,2026,147.764,2.000,34.000
A*,parallel,48,13,2,D2 B,SOLVED,1,1,2,B' D2,0.000208,170.6,0.0,2,33,600.0,120.0,2026,147.764,2.000,34.000
A*,parallel,48,14,2,B2 U,SOLVED,1,1,2,U' B2,0.000176,170.6,0.0,2,33,600.0,120.0,2026,147.764,2.000,34.000
A*,parallel,48,15,2,B2 R,SOLVED,1,1,2,R' B2,0.000202,170.6,0.0,2,33,600.0,120.0,2026,147.764,2.000,34.000
A*,parallel,48,16,2,B R,SOLVED,1,1,2,R' B',0.000220,170.7,0.0,2,33,600.0,120.0,2026,147.764,2.000,34.000
A*,parallel,48,17,2,L' B,SOLVED,1,1,2,B' L,0.000465,172.7,2.1,2,33,600.0,120.0,2026,147.764,2.000,34.000
A*,parallel,48,18,2,U D,SOLVED,1,1,2,D' U',0.000478,173.2,0.5,3,48,600.0,120.0,2026,147.764,2.000,48.000
A*,parallel,48,19,2,D2 L',SOLVED,1,1,2,L D2,0.000209,170.7,0.1,2,33,600.0,120.0,2026,147.764,2.000,34.000
A*,parallel,48,20,3,B R B,SOLVED,1,1,3,B' R' B',0.000535,173.2,2.5,3,48,600.0,120.0,2026,147.764,3.000,49.000
A*,parallel,48,21,3,L F B,SOLVED,1,1,3,B' F' L',0.000579,173.3,0.6,4,63,600.0,120.0,2026,147.764,3.000,60.000
A*,parallel,48,22,3,F L F2,SOLVED,1,1,3,F2 L' F',0.000505,173.3,0.6,3,48,600.0,120.0,2026,147.764,3.000,49.000
A*,parallel,48,23,3,L2 F' D,SOLVED,1,1,3,D' F L2,0.000276,172.8,0.1,3,48,600.0,120.0,2026,147.764,3.000,49.000
A*,parallel,48,24,3,L2 U D',SOLVED,1,1,3,D U' L2,0.000312,171.3,0.0,4,63,600.0,120.0,2026,147.764,3.000,60.000
A*,parallel,48,25,3,B2 U2 R',SOLVED,1,1,3,R U2 B2,0.000567,173.4,2.7,3,48,600.0,120.0,2026,147.764,3.000,49.000
A*,parallel,48,26,3,L2 F2 B2,SOLVED,1,1,3,B2 F2 L2,0.000746,175.4,4.7,4,63,600.0,120.0,2026,147.764,3.000,60.000
A*,parallel,48,27,3,D L2 F,SOLVED,1,1,3,F' L2 D',0.000284,173.4,0.0,3,48,600.0,120.0,2026,147.764,3.000,49.000
A*,parallel,48,28,3,D L' B',SOLVED,1,1,3,B L D',0.000666,176.7,3.9,3,48,600.0,120.0,2026,147.764,3.000,49.000
A*,parallel,48,29,3,L2 U' F',SOLVED,1,1,3,F U L2,0.000521,177.7,0.9,3,48,600.0,120.0,2026,147.764,3.000,49.000
A*,parallel,48,30,4,R B R' U',SOLVED,1,1,4,U R B' R',0.000554,173.6,0.9,4,63,600.0,120.0,2026,147.764,4.000,64.000
A*,parallel,48,31,4,R' F L2 R2,SOLVED,1,1,4,R2 L2 F' R,0.000546,173.6,0.9,5,78,600.0,120.0,2026,147.764,4.000,75.000
A*,parallel,48,32,4,L B' L' F2,SOLVED,1,1,4,F2 L B L',0.000976,177.7,6.9,4,63,600.0,120.0,2026,147.764,4.000,64.000
A*,parallel,48,33,4,L2 U2 D' L',SOLVED,1,1,4,L D U2 L2,0.000313,172.8,0.1,5,78,600.0,120.0,2026,147.764,4.000,75.000
A*,parallel,48,34,4,F B U2 D2,SOLVED,1,1,4,D2 U2 B' F',0.000676,176.8,4.0,6,93,600.0,120.0,2026,147.764,4.000,89.000
A*,parallel,48,35,4,F2 D F R2,SOLVED,1,1,4,R2 F' D' F2,0.000543,177.7,0.8,4,63,600.0,120.0,2026,147.764,4.000,64.000
A*,parallel,48,36,4,D' R2 F' B,SOLVED,1,1,4,B' F R2 D,0.000550,177.7,0.9,5,78,600.0,120.0,2026,147.764,4.000,75.000
A*,parallel,48,37,4,D B' D' B,SOLVED,1,1,4,B' D B D',0.000715,179.8,3.0,4,63,600.0,120.0,2026,147.764,4.000,64.000
A*,parallel,48,38,4,B R D' L2,SOLVED,1,1,4,L2 D R' B',0.000746,177.8,2.9,4,63,600.0,120.0,2026,147.764,4.000,64.000
A*,parallel,48,39,4,F2 B' D' F2,SOLVED,1,1,4,F2 D F2 B,0.000577,175.7,0.9,6,93,600.0,120.0,2026,147.764,3.000,93.000
A*,parallel,48,40,5,F2 U2 D' F B,SOLVED,1,1,5,B' F' D U2 F2,0.000936,183.8,11.0,7,108,600.0,120.0,2026,147.764,5.000,101.000
A*,parallel,48,41,5,D2 L U' B' R2,SOLVED,1,1,5,R2 B U L' D2,0.000906,183.8,5.0,5,78,600.0,120.0,2026,147.764,5.000,79.000
A*,parallel,48,42,5,L' B2 U' R' B,SOLVED,1,1,5,B' R U B2 L,0.001016,177.8,5.0,5,78,600.0,120.0,2026,147.764,5.000,79.000
A*,parallel,48,43,5,L2 R' B' L' U',SOLVED,1,1,5,U L B R L2,0.000595,175.8,1.0,6,93,600.0,120.0,2026,147.764,5.000,93.000
A*,parallel,48,44,5,L D2 L2 F' D2,SOLVED,1,1,5,D2 F L2 D2 L',0.000602,175.9,3.1,5,78,600.0,120.0,2026,147.764,5.000,79.000
A*,parallel,48,45,5,D B D F U2,SOLVED,1,1,5,U2 F' D' B' D',0.000989,181.9,7.1,5,78,600.0,120.0,2026,147.764,5.000,79.000
A*,parallel,48,46,5,R B2 U' B' R2,SOLVED,1,1,5,R2 B U B2 R',0.000585,177.8,3.1,5,78,600.0,120.0,2026,147.764,5.000,79.000
A*,parallel,48,47,5,F D L' R2 B,SOLVED,1,1,5,B' R2 L D' F',0.000767,175.9,3.1,6,93,600.0,120.0,2026,147.764,5.000,90.000
A*,parallel,48,48,5,D F B' R2 B,SOLVED,1,1,5,B' R2 B F' D',0.001034,179.9,7.1,6,93,600.0,120.0,2026,147.764,5.000,90.000
A*,parallel,48,49,5,R' B' D' F R2,SOLVED,1,1,5,R2 F' D B R,0.000938,175.9,5.1,5,78,600.0,120.0,2026,147.764,5.000,79.000
A*,parallel,48,50,6,F' L' D' F' D' F2,SOLVED,1,1,6,F2 D F D L F,0.001267,182.0,11.1,6,93,600.0,120.0,2026,147.764,6.000,94.000
A*,parallel,48,51,6,D F B' R B D,SOLVED,1,1,6,D' B' R' B F' D',0.001443,186.0,13.1,7,108,600.0,120.0,2026,147.764,6.000,105.000
A*,parallel,48,52,6,R' D R2 B D2 L2,SOLVED,1,1,6,L2 D2 B' R2 D' R,0.000911,182.0,3.1,6,93,600.0,120.0,2026,147.764,6.000,94.000
A*,parallel,48,53,6,R U D2 L2 D' F2,SOLVED,1,1,6,F2 D L2 U' D2 R',0.000931,179.9,5.1,7,108,600.0,120.0,2026,147.764,6.000,105.000
A*,parallel,48,54,6,B2 L' R B R' F,SOLVED,1,1,6,F' R B' R' L B2,0.000637,176.0,1.1,8,123,600.0,120.0,2026,147.764,6.000,120.000
A*,parallel,48,55,6,L R U2 L2 F2 B,SOLVED,1,1,6,B' F2 L2 U2 R' L',0.001611,194.0,19.2,21,318,600.0,120.0,2026,147.764,5.000,304.000
A*,parallel,48,56,6,F R2 F2 L' R' B',SOLVED,1,1,6,B L R F2 R2 F',0.001301,190.1,15.1,15,228,600.0,120.0,2026,147.764,6.000,213.000
A*,parallel,48,57,6,F2 B L' B' R D',SOLVED,1,1,6,D R' B L F2 B',0.001254,184.0,7.1,7,108,600.0,120.0,2026,147.764,6.000,108.000
A*,parallel,48,58,6,D R' D2 B2 U D,SOLVED,1,1,6,U' D' B2 D2 R D',0.000955,176.0,3.1,7,108,600.0,120.0,2026,147.764,6.000,105.000
A*,parallel,48,59,6,D F' U' B' R2 B2,SOLVED,1,1,6,B2 R2 B U F D',0.000915,178.0,7.1,6,93,600.0,120.0,2026,147.764,6.000,94.000
A*,parallel,48,60,7,B' D' L2 B2 U R U',SOLVED,1,1,7,U R' U' B2 L2 D B,0.001468,182.0,11.1,8,123,600.0,120.0,2026,147.764,7.000,124.000
A*,parallel,48,61,7,L' B' U2 R' B R' U',SOLVED,1,1,7,U R B' R U2 B L,0.001423,186.0,13.1,7,108,600.0,120.0,2026,147.764,7.000,109.000
A*,parallel,48,62,7,U2 R2 B2 U2 R2 B' L2,SOLVED,1,1,7,L2 B R2 U2 B2 R2 U2,0.001883,184.0,13.2,89,1338,600.0,120.0,2026,147.764,5.000,1217.000
A*,parallel,48,63,7,R2 F R' D2 R D F,SOLVED,1,1,7,F' D' R' D2 R F' R2,0.001721,200.2,21.2,9,138,600.0,120.0,2026,147.764,7.000,138.000
A*,parallel,48,64,7,R2 D2 B D2 B R2 D2,SOLVED,1,1,7,D2 R2 B' D2 B' D2 R2,0.001750,202.1,23.2,39,588,600.0,120.0,2026,147.764,6.000,553.000
A*,parallel,48,65,7,U2 B D' L2 R2 F B',SOLVED,1,1,7,B F' R2 L2 D B' U2,0.001210,196.2,13.2,11,168,600.0,120.0,2026,147.764,7.000,160.000
A*,parallel,48,66,7,U F' L F' U2 F D2,SOLVED,1,1,7,D2 F' U2 F L' F U',0.001859,204.2,23.3,7,108,600.0,120.0,2026,147.764,7.000,109.000
A*,parallel,48,67,7,R2 D' L' B2 D2 L U2,SOLVED,1,1,7,U2 L' D2 B2 L D R2,0.002272,200.2,21.3,8,123,600.0,120.0,2026,147.764,7.000,124.000
A*,parallel,48,68,7,F2 U' F2 U2 L D R2,SOLVED,1,1,7,R2 D' L' U2 F2 U F2,0.001980,192.2,17.3,8,123,600.0,120.0,2026,147.764,7.000,123.000
A*,parallel,48,69,7,L' F2 B2 L2 D B D,SOLVED,1,1,7,D' B' D' L2 B2 F2 L,0.001996,190.2,17.3,18,273,600.0,120.0,2026,147.764,7.000,261.000
A*,parallel,48,70,8,R2 B2 D2 B2 U D2 B' D',SOLVED,1,1,8,D B D2 U' B2 D2 B2 R2,0.002016,196.2,23.3,71,1068,600.0,120.0,2026,147.764,6.000,952.000
A*,parallel,48,71,8,D R F' B2 D' B' R' D,SOLVED,1,1,8,D' R B D B2 F R' D',0.002146,196.2,21.2,14,213,600.0,120.0,2026,147.764,7.000,204.000
A*,parallel,48,72,8,U F R B D2 B' R2 U',SOLVED,1,1,8,U R2 B D2 B' R' F' U',0.002088,196.3,21.3,13,198,600.0,120.0,2026,147.764,8.000,196.000
A*,parallel,48,73,8,D B2 U' L2 U L F' L',SOLVED,1,1,8,L F L' U' L2 U B2 D',0.003018,198.3,23.3,15,228,600.0,120.0,2026,147.764,8.000,224.000
A*,parallel,48,74,8,B2 D F' L D B2 D2 R2,SOLVED,1,1,8,R2 D2 B2 D' L' F D' B2,0.001767,192.2,17.3,8,123,600.0,120.0,2026,147.764,8.000,124.000
A*,parallel,48,75,8,U2 R2 D B2 L R B' L',SOLVED,1,1,8,L B L' R' B2 D' R2 U2,0.001741,190.3,15.2,9,138,600.0,120.0,2026,147.764,8.000,135.000
A*,parallel,48,76,8,D L' F' L' D B' R' U,SOLVED,1,1,8,U' R B D' L F L D',0.003099,198.3,23.3,10,153,600.0,120.0,2026,147.764,8.000,152.000
A*,parallel,48,77,8,D L D' B' L D2 L2 F2,SOLVED,1,1,8,F2 L2 D2 L' B D L' D',0.002187,194.2,19.2,9,138,600.0,120.0,2026,147.764,8.000,138.000
A*,parallel,48,78,8,U2 F2 L2 D' R' U2 F2 R,SOLVED,1,1,8,R' F2 U2 R D L2 F2 U2,0.001957,196.3,21.2,10,153,600.0,120.0,2026,147.764,8.000,152.000
A*,parallel,48,79,8,U' B2 R2 B2 L B L' F,SOLVED,1,1,8,F' L B' L' B2 R2 B2 U,0.002151,202.2,27.3,28,423,600.0,120.0,2026,147.764,7.000,395.000
A*,parallel,48,80,9,F L F2 U D2 R' F' U' R',SOLVED,1,1,9,R U F R U' D2 F2 L' F',0.001899,200.3,25.3,71,1068,600.0,120.0,2026,147.764,8.000,1002.000
A*,parallel,48,81,9,U2 L' B2 D2 L' R B2 R' U,SOLVED,1,1,9,U' R B2 R' L D2 B2 L U2,0.004604,198.3,23.3,692,10383,600.0,120.0,2026,147.764,6.000,9483.000
A*,parallel,48,82,9,L2 U F' U2 F' U' R B R2,SOLVED,1,1,9,R2 B' R' U F U2 F U' L2,0.001477,200.5,24.9,41,618,600.0,120.0,2026,147.764,8.000,575.000
A*,parallel,48,83,9,U' R' D B2 U D2 F' L B,SOLVED,1,1,9,B' L' F U' D2 B2 D' R U,0.004114,202.7,27.0,25,378,600.0,120.0,2026,147.764,8.000,365.000
A*,parallel,48,84,9,F2 D' L' B R2 F' U' B' R,SOLVED,1,1,9,R' B U F R2 B' L D F2,0.004152,210.9,35.3,27,408,600.0,120.0,2026,147.764,8.000,385.000
A*,parallel,48,85,9,L R' U' L2 F D' B' D2 B',SOLVED,1,1,9,B D2 B D F' L2 U R L',0.003819,206.9,31.2,63,948,600.0,120.0,2026,147.764,8.000,883.000
A*,parallel,48,86,9,F' U' L2 F2 U2 L R U2 D',SOLVED,1,1,9,D U2 R' L' U2 F2 L2 U F,0.005715,208.9,33.3,221,3318,600.0,120.0,2026,147.764,7.000,3047.000
A*,parallel,48,87,9,B' U2 B D2 L B D B2 L',SOLVED,1,1,9,L B2 D' B' L' D2 B' U2 B,0.002563,198.9,23.1,12,183,600.0,120.0,2026,147.764,9.000,182.000
A*,parallel,48,88,9,U' L R2 F' D2 R' U2 R' U,SOLVED,1,1,9,U' R U2 R D2 F R2 L' U,0.002959,205.0,29.2,45,678,600.0,120.0,2026,147.764,8.000,634.000
A*,parallel,48,89,9,B2 R' U B2 L2 U2 B' U2 B2,SOLVED,1,1,9,B2 U2 B U2 L2 B2 U' R B2,0.003894,207.0,31.2,58,873,600.0,120.0,2026,147.764,8.000,832.000
A*,parallel,48,90,10,D' F2 D' B' U2 D2 F R F R,SOLVED,1,1,10,R' F' R' F' U2 D2 B D F2 D,0.005890,201.0,25.2,860,12903,600.0,120.0,2026,147.764,7.000,11800.000
A*,parallel,48,91,10,U2 L D F B2 U2 L D2 F2 B',SOLVED,1,1,10,B F2 D2 L' U2 F' B2 D' L' U2,0.005422,209.2,32.9,615,9228,600.0,120.0,2026,147.764,8.000,8525.000
A*,parallel,48,92,10,U B2 D2 R2 B L' B2 L F B,SOLVED,1,1,10,F' B' L' B2 L B' R2 D2 B2 U',0.004765,199.3,20.8,320,4803,600.0,120.0,2026,147.764,9.000,4503.000
A*,parallel,48,93,10,R D B L' F' B2 U L2 R' D,SOLVED,1,1,10,D' L2 R U' F B2 L B' D' R',0.004816,211.4,32.8,407,6108,600.0,120.0,2026,147.764,8.000,5652.000
A*,parallel,48,94,10,F' U2 B2 D' B D' B2 U2 B L,SOLVED,1,1,10,L' B' U2 B2 D B' D B2 U2 F,0.005325,215.5,36.9,562,8433,600.0,120.0,2026,147.764,8.000,7884.000
A*,parallel,48,95,10,B U2 D R B L R2 F' B2 L',SOLVED,1,1,10,L F B2 L' R2 B' R' D' U2 B',0.005266,207.6,28.8,329,4938,600.0,120.0,2026,147.764,8.000,4520.000
A*,parallel,48,96,10,B2 D' R' F B2 D2 R2 U R F',SOLVED,1,1,10,F R' U' R2 D2 B2 F' R D B2,0.003530,213.8,34.9,149,2238,600.0,120.0,2026,147.764,9.000,2094.000
A*,parallel,48,97,10,U R2 F B L' D2 B2 R D F,SOLVED,1,1,10,F' D' R' B2 D2 L F' B' R2 U',0.004958,207.9,29.0,348,5223,600.0,120.0,2026,147.764,8.000,4805.000
A*,parallel,48,98,10,B R2 B U2 L B' R' D F' D,SOLVED,1,1,10,D' F D' R B L' U2 B' R2 B',0.004430,212.1,33.0,143,2148,600.0,120.0,2026,147.764,9.000,2006.000
A*,parallel,48,99,10,F' D B2 L' D2 R2 B' D' L F',SOLVED,1,1,10,F L' D B R2 D2 L B2 D' F,0.002669,212.2,33.1,160,2403,600.0,120.0,2026,147.764,9.000,2255.000
A*,parallel,48,100,11,R2 D' R' F B D2 F' B U' R' U,SOLVED,1,1,11,U' R U B' F D2 B' F' R D R2,0.008752,214.1,35.1,5066,75993,600.0,120.0,2026,147.764,8.000,70352.000
A*,parallel,48,101,11,L' B2 D2 B2 U2 D2 F2 U' D F' R',SOLVED,1,1,8,R F D U F2 D2 U2 L,0.003468,213.7,31.0,25,378,600.0,120.0,2026,147.764,8.000,360.000
A*,parallel,48,102,11,R U' B U' R F2 L2 B L F2 R2,SOLVED,1,1,11,R2 F2 L' B' L2 F2 R' U B' U R',0.007362,218.3,35.6,2237,33558,600.0,120.0,2026,147.764,9.000,31300.000
A*,parallel,48,103,11,U' R F U F' U2 F R' D' L D2,SOLVED,1,1,11,D2 L' D R F' U2 F U' F' R' U,0.006248,215.1,32.0,1060,15903,600.0,120.0,2026,147.764,10.000,14852.000
A*,parallel,48,104,11,R' F2 D' F' B U D F' D2 L2 D,SOLVED,1,1,11,D' L2 D2 F U' D' F B' D F2 R,0.009709,219.2,36.1,6974,104613,600.0,120.0,2026,147.764,7.000,95363.000
A*,parallel,48,105,11,F' R B2 D2 L' D2 R2 B L2 D B',SOLVED,1,1,11,B D' L2 B' R2 D2 L D2 B2 R' F,0.007848,218.0,33.1,2735,41028,600.0,120.0,2026,147.764,8.000,37797.000
A*,parallel,48,106,11,R B' R2 D' R' B2 D2 B R D' R2,SOLVED,1,1,11,R2 D R' B' D2 B2 R D R2 B R',0.007815,216.7,31.8,2376,35643,600.0,120.0,2026,147.764,8.000,33225.000
A*,parallel,48,107,11,L B U' R' B' R2 B' L' B L F2,SOLVED,1,1,11,F2 L' B' L B R2 B R U B' L',0.008249,221.0,36.0,3374,50613,600.0,120.0,2026,147.764,8.000,46587.000
A*,parallel,48,108,11,R2 U2 R' B2 D2 R' U2 B R' U R',SOLVED,1,1,11,R U' R B' U2 R D2 B2 R U2 R2,0.008148,221.2,36.2,2750,41253,600.0,120.0,2026,147.764,9.000,38294.000
A*,parallel,48,109,11,R' U' D2 L2 F R U2 D2 B' U F2,SOLVED,1,1,11,F2 U' B U2 D2 R' F' L2 U D2 R,0.008294,213.3,28.2,6375,95628,600.0,120.0,2026,147.764,8.000,87817.000
A*,parallel,48,110,12,B' D' B L' B2 R2 F2 B' R' F2 U L,SOLVED,1,1,12,L' U' F2 R B F2 R2 B2 L B' D B,0.012080,220.1,34.6,22854,342813,600.0,120.0,2026,147.764,9.000,317354.000
A*,parallel,48,111,12,F R2 U' R2 D' F D F2 L U2 F2 B,SOLVED,1,1,12,F2 B' U2 L' F2 D' F' D R2 U R2 F',0.013751,229.0,31.7,27260,408903,600.0,120.0,2026,147.764,9.000,380524.000
A*,parallel,48,112,12,L' F2 D' F2 L' F D2 B' L' F L2 B2,SOLVED,1,1,12,B2 L2 F' L B D2 F' L F2 D F2 L,0.016512,254.1,53.9,60349,905238,600.0,120.0,2026,147.764,8.000,832350.000
A*,parallel,48,113,12,R' D2 R B' R U B2 L' D2 F U' B,SOLVED,1,1,12,B' U F' D2 L B2 U' R' B R' D2 R,0.012994,254.9,25.5,18608,279123,600.0,120.0,2026,147.764,9.000,259731.000
A*,parallel,48,114,12,B R2 B R D2 B2 U2 B' U2 D B2 U,SOLVED,1,1,12,U' B2 U2 D' B U2 B2 D2 R' B' R2 B',0.012245,262.7,33.1,27596,413943,600.0,120.0,2026,147.764,9.000,382541.000
A*,parallel,48,115,12,D B2 L F' R B2 D2 B2 D F2 D B,SOLVED,1,1,12,B' D' F2 D' B2 D2 B2 R' F L' B2 D',0.011724,262.2,32.5,16703,250548,600.0,120.0,2026,147.764,9.000,233315.000
A*,parallel,48,116,12,D' R2 D' R2 B2 U L2 D2 F2 U2 D2 F,SOLVED,1,1,11,F' B2 D2 R2 U' F2 L2 D L2 D' U2,0.008087,255.3,25.5,8952,134283,600.0,120.0,2026,147.764,8.000,122648.000
A*,parallel,48,117,12,F' B' D B L' F' D2 L R2 U R' U2,SOLVED,1,1,12,U2 R U' L' R2 D2 F L B' D' F B,0.015001,260.0,30.1,46822,702333,600.0,120.0,2026,147.764,8.000,645613.000
A*,parallel,48,118,12,R D' L2 D' B2 U' F' U2 R D F2 D',SOLVED,1,1,12,D F2 D' R' U2 F U B2 D L2 D R',0.015668,264.9,33.3,37424,561363,600.0,120.0,2026,147.764,7.000,516486.000
A*,parallel,48,119,12,R F U2 B' L' U2 L' D' L R2 B D,SOLVED,1,1,12,D' B' R2 L' D L U2 L B U2 F' R',0.009662,261.9,31.2,16110,241653,600.0,120.0,2026,147.764,10.000,225890.000
A*,parallel,48,120,13,B' R D R' F2 U F B' D R2 F' L' U',SOLVED,1,1,13,U L F R2 D' B F' U' F2 R D' R' B,0.046962,453.3,222.3,243877,3658158,600.0,120.0,2026,147.764,9.000,3401173.000
A*,parallel,48,121,13,R' F2 B' L' F' R2 F' D B' D' B' L2 D,SOLVED,1,1,13,D' L2 B D B D' F R2 F L B F2 R,0.059707,560.0,148.8,319536,4793043,600.0,120.0,2026,147.764,9.000,4433078.000
A*,parallel,48,122,13,B2 L F' R F' R2 B' L F' R' D2 R B',SOLVED,1,1,13,B R' D2 R F L' B R2 F R' F L' B2,0.072428,723.4,209.2,406336,6095043,600.0,120.0,2026,147.764,9.000,5626935.000
A*,parallel,48,123,13,F' L2 B U' L2 R B2 R2 U F2 R2 D L,SOLVED,1,1,13,L' D' R2 F2 U' R2 B2 R' L2 U B' L2 F,0.057906,686.8,51.0,324200,4863003,600.0,120.0,2026,147.764,9.000,4494698.000
A*,parallel,48,124,13,U' R' B2 U2 L' U2 L R' U2 D2 R' U2 L',SOLVED,1,1,11,R B2 L D2 U2 F2 R U2 B2 R U,0.012226,673.5,31.6,10580,158703,600.0,120.0,2026,147.764,8.000,145293.000
A*,parallel,48,125,13,F' R2 B L' B2 R D B' L' F' R F B',SOLVED,1,1,13,F' B R' F L B D' R' B2 L B' R2 F,0.056348,676.9,48.6,316688,4750323,600.0,120.0,2026,147.764,8.000,4390092.000
A*,parallel,48,126,13,L' B R' B' D' L B2 L' B L' B' U' R,SOLVED,1,1,13,R' U B L B' L B2 L' D B R B' L,0.039172,684.6,40.1,213776,3206643,600.0,120.0,2026,147.764,10.000,2983822.000
A*,parallel,48,127,13,B L2 R B2 D' F2 L R D2 B' D B' D',SOLVED,1,1,13,D B D' B D2 R' L' F2 D B2 R' L2 B',0.162640,1228.6,584.1,957020,14355303,600.0,120.0,2026,147.764,8.000,13189049.000
A*,parallel,48,128,13,L D' R' F U2 F2 R' U' F2 D' R' U2 D2,SOLVED,1,1,13,U2 D2 R D F2 U R F2 U2 F' R D L',0.050918,1144.4,35.1,293234,4398513,600.0,120.0,2026,147.764,10.000,4096400.000
A*,parallel,48,129,13,F' L F2 R F2 B D' F2 U B2 L U D2,SOLVED,1,1,13,U' D2 L' B2 U' F2 D B' F2 R' F2 L' F,0.049245,1152.6,43.3,276234,4143513,600.0,120.0,2026,147.764,9.000,3838539.000
A*,parallel,48,130,14,R B' R' U' D' L2 U D2 L2 F' R' D L2 B,SOLVED,1,1,14,B' L2 D' R F L2 D2 U' L2 U D R B R',0.794802,3910.6,2824.3,4277260,64158903,600.0,120.0,2026,147.764,9.000,59225064.000
A*,parallel,48,131,14,R F' L D' R2 F' B D' B R D2 F2 R' U',SOLVED,1,1,14,U R F2 D2 R' B' D F B' R2 D L' F R',0.619222,3444.3,746.6,3443642,51654633,600.0,120.0,2026,147.764,9.000,47732078.000
A*,parallel,48,132,14,B2 L' D2 L F U D' B' R D2 B' R2 B2 U,SOLVED,1,1,14,U' B2 R2 B D2 R' B D U' F' L' D2 L B2,0.755950,4029.9,988.9,4189317,62839758,600.0,120.0,2026,147.764,8.000,57819331.000
A*,parallel,48,133,14,R' U B2 U2 D2 B' D' B' R B' L' D2 B2 D,SOLVED,1,1,14,D' B2 D2 L B R' B D B U2 D2 B2 U' R,1.286726,5846.4,2610.7,6707078,100606173,600.0,120.0,2026,147.764,8.000,92361537.000
A*,parallel,48,134,14,L' D' F2 R F2 B2 R D F L2 U D B' D',SOLVED,1,1,14,D B D' U' L2 F' D' R' B2 F2 R' F2 D L,0.712526,3961.3,579.6,3845838,57687573,600.0,120.0,2026,147.764,10.000,53248122.000
A*,parallel,48,135,14,L U' L F' L2 B' R U' F B R D' F' L',SOLVED,1,1,14,L F D R' F' B' U R' B L2 F L' U L',0.721328,4196.8,742.0,3909962,58649433,600.0,120.0,2026,147.764,8.000,54085817.000
A*,parallel,48,136,14,F2 R2 B U' R' B2 U' F L B' U R' B2 R,SOLVED,1,1,14,R' B2 R U' B L' F' U B2 R U B' R2 F2,0.583939,3843.3,375.4,3246342,48695133,600.0,120.0,2026,147.764,8.000,44983195.000
A*,parallel,48,137,14,F2 L' D' L' R2 F R' B2 D' F R2 B' U2 R,SOLVED,1,1,14,R' U2 B R2 F' D B2 R F' L R2 D L F2,0.627585,3841.0,354.1,3517907,52768608,600.0,120.0,2026,147.764,9.000,48739926.000
A*,parallel,48,138,14,F2 L2 U' F B R' F D2 R' D R2 B' U2 R2,SOLVED,1,1,14,R2 U2 B R2 D' R D2 F' R F' B' U L2 F2,1.185948,5531.3,2038.3,5962358,89435373,600.0,120.0,2026,147.764,8.000,82264784.000
A*,parallel,48,139,14,F' U2 F' D F2 L F B U R' F L' D R2,SOLVED,1,1,14,R2 D' L F' R U' B' F' L' F2 D' F U2 F,0.595320,3803.2,402.1,3363185,50447778,600.0,120.0,2026,147.764,9.000,46568196.000
A*,parallel,48,140,15,D2 F2 B R2 U L U2 F L2 D' F2 L' B D2 B',SOLVED,1,1,15,B D2 B' L F2 D L2 F' U2 L' U' R2 B' F2 D2,6.787817,19183.8,15516.4,32633603,489504048,600.0,120.0,2026,147.764,9.000,452787753.000
A*,parallel,48,141,15,F R' D2 F2 B R U F U2 B2 L2 F2 U L' D,SOLVED,1,1,15,D' L U' F2 L2 B2 U2 F' U' R' F2 B' D2 R F',7.227273,19685.5,16212.4,34468442,517026633,600.0,120.0,2026,147.764,9.000,477059908.000
A*,parallel,48,142,15,B R' U' B' R2 D2 F L F' L2 R U R' B' L2,SOLVED,1,1,15,U L F U2 L' U2 F' U' B R' D B2 L D' L2,5.904608,16942.8,13116.1,27434161,411512418,600.0,120.0,2026,147.764,9.000,380187409.000
A*,parallel,48,143,15,F B' D2 L2 F' B U L2 F' R2 U2 B' U' L D2,SOLVED,1,1,15,D2 L' U B U2 R2 F L2 U' F B' L2 D2 B F',13.457382,34092.1,30636.6,62460885,936913278,600.0,120.0,2026,147.764,9.000,862669264.000
A*,parallel,48,144,15,B2 L' F B L2 B' R2 F U2 B L F U B' U',SOLVED,1,1,15,U B U' F' L' B' U2 F' R2 B L2 B' F' L B2,3.952779,11246.6,7778.7,19267548,289013223,600.0,120.0,2026,147.764,10.000,267371126.000
A*,parallel,48,145,15,L U2 L2 R2 B U' D' L2 U' L' F2 R U2 L' B2,SOLVED,1,1,15,B2 L U2 R' F2 L U L2 U D B' R2 L2 U2 L',10.165543,28181.8,24524.6,45539055,683085828,600.0,120.0,2026,147.764,8.000,629875182.000
A*,parallel,48,146,15,F U' L U F L U' R2 U' L' F' B' U2 D F,SOLVED,1,1,15,F' U2 D' F B L U R2 U L' F' U' L' U F',5.879895,16951.2,13483.9,27407045,411105678,600.0,120.0,2026,147.764,9.000,380128193.000
A*,parallel,48,147,15,R2 F2 B2 L' U' L R U' F2 L' F2 D B' D2 R',SOLVED,1,1,15,R D2 B D' F2 L F2 U R' L' U L F2 B2 R2,2.360273,9101.6,5534.5,11230100,168451503,600.0,120.0,2026,147.764,8.000,155116317.000
A*,parallel,48,148,15,L2 R2 B' D' F D F2 R' B2 D' F B' D L F,SOLVED,1,1,15,F' L' D' F' B D B2 R F2 D' F' D B L2 R2,2.995285,9754.2,6281.6,14570487,218557308,600.0,120.0,2026,147.764,8.000,202064949.000
A*,parallel,48,149,15,B2 D B L' F D' B' U' F' U2 B' R2 D' L2 U',SOLVED,1,1,15,U L2 D R2 B U2 F U B D F' L B' D' B2,11.754611,30880.2,27165.1,53334157,800012358,600.0,120.0,2026,147.764,9.000,737840253.000
A*,parallel,48,150,16,R' B D' B D F2 U' F' U2 L2 U' D' B' D L2 B,SOLVED,1,1,16,B' L2 D' B D U L2 U2 F U F2 D' B' D B' R,41.473811,104382.9,100664.1,176837550,2652563253,600.0,120.0,2026,147.764,9.000,2462253960.000
A*,parallel,48,151,16,L U R' B' U' L' U' R' B2 D' F2 L R2 F' U' R2,SOLVED,1,1,16,R2 U F L' R2 F2 D B2 R U L U B R U' L',48.727285,114477.9,110763.8,212997289,3194959338,600.0,120.0,2026,147.764,9.000,2961698811.000
A*,parallel,48,152,16,F' L D2 L2 B D' L2 B' D R U2 R2 F2 L F2 D',OUT_OF_MEMORY,0,0,-1,,50.074653,116965.5,113295.7,219199866,3287997993,600.0,120.0,2026,147.764,9.000,3050334225.000
A*,parallel,48,153,16,B R U2 R2 F' L2 F B R' U R F' R' U2 B' L2,OUT_OF_MEMORY,0,0,-1,,49.356347,117055.9,113530.5,217881257,3268218858,600.0,120.0,2026,147.764,9.000,3032187577.000
A*,parallel,48,154,16,L U L D B D B R F2 R' B D' R' F2 U2 L2,OUT_OF_MEMORY,0,0,-1,,49.541380,116825.9,112864.4,219053526,3285802893,600.0,120.0,2026,147.764,8.000,3048185508.000
A*,parallel,48,155,16,U' F2 B L2 U F2 L' F2 R U F' D' R2 F R F,OUT_OF_MEMORY,0,0,-1,,49.782326,117043.5,113343.2,219640901,3294613518,600.0,120.0,2026,147.764,8.000,3052756311.000
A*,parallel,48,156,16,R' B U2 B U' L2 F2 U L B2 L R F2 R' D2 R',SOLVED,1,1,16,L B2 R' F2 L2 U2 L' R2 U' F2 L2 U B' U2 B' R,20.877725,53330.0,49848.5,90682709,1360240638,600.0,120.0,2026,147.764,9.000,1256065295.000
A*,parallel,48,157,16,L D R2 F' U' L' B' R' D2 R U R' D F L F',OUT_OF_MEMORY,0,0,-1,,49.482960,117078.7,113406.4,217780952,3266714283,600.0,120.0,2026,147.764,8.000,3031365503.000
A*,parallel,48,158,16,L' B2 L' D2 F B U' R U2 D' L R' F D' R D',OUT_OF_MEMORY,0,0,-1,,49.960612,118045.0,114521.4,221352937,3320294058,600.0,120.0,2026,147.764,9.000,3082200722.000
A*,parallel,48,159,16,D2 R' B U2 B' D2 L' D L' B' U' B' R2 F' L2 F2,SOLVED,1,1,16,F2 L2 F R2 B U B L D' L D2 B U2 B' R D2,30.549775,70282.4,66800.1,137823361,2067350418,600.0,120.0,2026,147.764,9.000,1916766749.000
A*,parallel,48,160,17,D' F' L D2 R D' L2 U D F' D F2 R' U D' L2 U2,OUT_OF_MEMORY,0,0,-1,,49.244634,117253.5,113774.6,218934528,3284017923,600.0,120.0,2026,147.764,8.000,3049070390.000
A*,parallel,48,161,17,B' R2 F2 R2 B D F R D2 F' L D' L' F2 R2 D' L2,OUT_OF_MEMORY,0,0,-1,,49.917389,116434.5,112711.6,218501635,3277524528,600.0,120.0,2026,147.764,8.000,3037489948.000
A*,parallel,48,162,17,F2 U2 L2 F2 R B L D' L2 D R2 U' D' F' R2 D F2,OUT_OF_MEMORY,0,0,-1,,49.579287,116989.8,113463.0,218673178,3280097673,600.0,120.0,2026,147.764,9.000,3039785402.000
A*,parallel,48,163,17,B2 L' F R F U2 R' D' L R' D' L2 D2 L' F' D R2,SOLVED,1,1,16,F' L U' R' B2 L D U B2 L' F' L2 D L U2 R',32.643367,74455.0,70975.4,147533921,2213008818,600.0,120.0,2026,147.764,10.000,2055509851.000
A*,parallel,48,164,17,D2 L' R' U2 L2 R2 D R2 D L D' F' B D2 L R' U',OUT_OF_MEMORY,0,0,-1,,50.072076,116366.8,112692.6,218163077,3272446158,600.0,120.0,2026,147.764,8.000,3029465175.000
A*,parallel,48,165,17,F' D' L2 B2 U2 F2 U' F L F2 B R2 F' B U' D R',OUT_OF_MEMORY,0,0,-1,,49.654580,116834.6,113184.4,217983362,3269750433,600.0,120.0,2026,147.764,9.000,3036678468.000
A*,parallel,48,166,17,U R2 U2 D2 B' U R U' B D2 L2 R U B2 R2 F2 U2,OUT_OF_MEMORY,0,0,-1,,50.142696,117004.0,113355.4,219116234,3286743513,600.0,120.0,2026,147.764,9.000,3051672892.000
A*,parallel,48,167,17,D R D B2 D2 R' F D' B' L R2 F' B' R' F U L',OUT_OF_MEMORY,0,0,-1,,50.241173,117379.2,113642.9,218977539,3284663088,600.0,120.0,2026,147.764,10.000,3051822163.000
A*,parallel,48,168,17,L B L U F2 R' D B L' R D' F' D2 L' R B L,OUT_OF_MEMORY,0,0,-1,,49.823648,116443.3,112745.7,218528383,3277925748,600.0,120.0,2026,147.764,8.000,3036107506.000
A*,parallel,48,169,17,D B2 U2 L' R2 B2 R' D2 R' B D B2 D2 F L' B' L,OUT_OF_MEMORY,0,0,-1,,49.689275,116385.7,112732.7,218317375,3274760628,600.0,120.0,2026,147.764,8.000,3034859469.000
A*,parallel,48,170,18,L D2 F' U D2 B2 D' F R' U2 D2 B D' R' U B' D' R2,SOLVED,1,1,16,F R D' L' D R2 U' B' U' B' U' B D L U R2,30.959186,70773.4,67121.8,139470184,2092052763,600.0,120.0,2026,147.764,8.000,1937206287.000
A*,parallel,48,171,18,B U2 R2 B' R B' D2 R B L' U' R' D2 F U' D F' D2,OUT_OF_MEMORY,0,0,-1,,49.724792,117358.7,113826.1,218888464,3283326963,600.0,120.0,2026,147.764,9.000,3045135841.000
A*,parallel,48,172,18,R U B D' F2 B2 L' D F' L2 R U2 B' L F B2 R2 U2,OUT_OF_MEMORY,0,0,-1,,49.538181,116898.9,113416.9,218498632,3277479483,600.0,120.0,2026,147.764,9.000,3037157537.000
A*,parallel,48,173,18,F U2 L2 R' F U F' U' L2 F2 B U2 D' B L U' F2 U2,OUT_OF_MEMORY,0,0,-1,,49.270857,117051.9,113288.3,217608722,3264130833,600.0,120.0,2026,147.764,9.000,3028203074.000
A*,parallel,48,174,18,B U' L2 D2 R' F2 B2 L2 F D' L' R2 B2 R2 U' R2 D R,OUT_OF_MEMORY,0,0,-1,,49.682409,117137.7,113418.8,218002618,3270039273,600.0,120.0,2026,147.764,9.000,3038225588.000
A*,parallel,48,175,18,L D2 R2 U R D2 L' R2 F L2 U B' U D L2 U B2 D',OUT_OF_MEMORY,0,0,-1,,49.599351,117450.6,113687.0,218787609,3281814138,600.0,120.0,2026,147.764,8.000,3044188295.000
A*,parallel,48,176,18,U R2 B L2 D' B R D B R B2 D' L2 R' D' B R' B2,OUT_OF_MEMORY,0,0,-1,,49.842954,116553.5,112980.8,218168383,3272525748,600.0,120.0,2026,147.764,8.000,3036227406.000
A*,parallel,48,177,18,L F2 D L' B2 L U R' B2 U F U2 R' D R U' R2 U',OUT_OF_MEMORY,0,0,-1,,51.014639,118617.9,115140.2,224830410,3372456153,600.0,120.0,2026,147.764,8.000,3107967849.000
A*,parallel,48,178,18,L D2 R' B2 R2 B2 L' F2 R2 U' D' L' B' L' B' D2 B R,OUT_OF_MEMORY,0,0,-1,,50.303452,117980.2,114450.4,221551591,3323273868,600.0,120.0,2026,147.764,9.000,3084701352.000
A*,parallel,48,179,18,D2 B U' L' B U' R' D2 L R' F' R' F2 R' B' R' D R',OUT_OF_MEMORY,0,0,-1,,49.801128,116843.2,113361.2,218555704,3278335563,600.0,120.0,2026,147.764,9.000,3038738312.000
A*,parallel,48,180,19,D2 R' F2 L D' R' F' R F2 U2 F2 R' F' B2 L U L' U' F,OUT_OF_MEMORY,0,0,-1,,49.513066,116487.4,113007.9,218367033,3275505498,600.0,120.0,2026,147.764,9.000,3037770476.000
A*,parallel,48,181,19,D L2 F2 D' B' U L2 F2 U2 F B2 D2 B2 U F' D2 F' U2 F,SOLVED,1,1,16,B U' F2 D2 F2 B U B' U' D2 F2 U L2 F' L2 B,46.826141,110677.7,106933.0,202940056,3044100843,600.0,120.0,2026,147.764,8.000,2823696628.000
A*,parallel,48,182,19,B' U' L' F2 R' U2 D' F2 D' F' B2 L' F' D' F' D L D' F2,OUT_OF_MEMORY,0,0,-1,,50.170665,117078.9,113595.6,219941658,3299124873,600.0,120.0,2026,147.764,8.000,3052223355.000
A*,parallel,48,183,19,U2 D L' F2 U' L2 U' L D' F L2 U2 L2 B U' B' U' F' R,OUT_OF_MEMORY,0,0,-1,,49.713768,116617.7,113136.5,218612000,3279180003,600.0,120.0,2026,147.764,8.000,3040055091.000
A*,parallel,48,184,19,U' D' L B R' D F R' D R2 B2 U' B2 R2 B' R2 U2 R2 B,OUT_OF_MEMORY,0,0,-1,,50.428996,118112.1,114343.3,221900142,3328502133,600.0,120.0,2026,147.764,9.000,3088919805.000
A*,parallel,48,185,19,B2 L2 F' R F' R' U2 D' L2 F U2 D' B' R' F2 L F' R U2,OUT_OF_MEMORY,0,0,-1,,49.793096,116992.5,113425.5,219130653,3286959798,600.0,120.0,2026,147.764,9.000,3049399139.000
A*,parallel,48,186,19,D' F' D R2 D2 F2 L F' U' D2 L' F2 U D2 R2 U F L2 D2,OUT_OF_MEMORY,0,0,-1,,49.424490,116513.6,113030.2,218394939,3275924088,600.0,120.0,2026,147.764,7.000,3033778409.000
A*,parallel,48,187,19,D2 L U' L2 B U' R' D B' L2 D B2 L' F U' L2 F D2 R2,OUT_OF_MEMORY,0,0,-1,,49.910672,116514.6,113031.3,218151700,3272275503,600.0,120.0,2026,147.764,9.000,3037369579.000
A*,parallel,48,188,19,L' F2 U D' L2 U F' B' U B U R U2 F' L D R' B' L',OUT_OF_MEMORY,0,0,-1,,49.361762,117112.7,113631.8,218185862,3272787933,600.0,120.0,2026,147.764,10.000,3037565596.000
A*,parallel,48,189,19,B2 L2 F' R2 U2 D2 R2 B' D2 B' D2 B R B2 L2 U L F2 L,OUT_OF_MEMORY,0,0,-1,,50.044921,117081.1,113556.6,219092366,3286385493,600.0,120.0,2026,147.764,9.000,3052929639.000
