algorithm,version,threads,test_id,scramble_depth,scramble,status,solved,verified,solution_length,solution,time_s,mem_peak_mb,mem_search_mb,nodes_expanded,nodes_generated,timeout_s,mem_limit_gb,seed,setup_s,nodes_stored
Bidirectional,parallel,48,0,1,B2,SOLVED,1,1,1,B2,0.002828,13.7,10.0,1,18,60.0,60.0,1,0.000,20.000
Bidirectional,parallel,48,1,1,L',SOLVED,1,1,1,L,0.000448,5.2,0.1,1,18,60.0,60.0,1,0.000,20.000
Bidirectional,parallel,48,2,2,B' L,SOLVED,1,1,2,L' B,0.000725,5.4,0.1,2,36,60.0,60.0,1,0.000,38.000
Bidirectional,parallel,48,3,2,R' B2,SOLVED,1,1,2,B2 R,0.000450,5.5,0.1,2,36,60.0,60.0,1,0.000,38.000
Bidirectional,parallel,48,4,3,R2 B' L,SOLVED,1,1,3,L' B R2,0.002288,18.2,12.8,20,306,60.0,60.0,1,0.000,281.000
Bidirectional,parallel,48,5,3,F' R' F2,SOLVED,1,1,3,F2 R F,0.002998,32.4,18.8,20,306,60.0,60.0,1,0.000,281.000
Bidirectional,parallel,48,6,4,F2 R' B' U2,SOLVED,1,1,4,U2 B R F2,0.005854,67.0,41.3,38,576,60.0,60.0,1,0.000,524.000
Bidirectional,parallel,48,7,4,D' L' D R,SOLVED,1,1,4,R' D' L D,0.004438,77.1,41.4,38,576,60.0,60.0,1,0.000,524.000
Bidirectional,parallel,48,8,5,R' F' R B2 R,SOLVED,1,1,5,R' B2 R' F R,0.004355,79.2,37.4,281,4221,60.0,60.0,1,0.000,3764.000
Bidirectional,parallel,48,9,5,B' U2 R2 F2 R',SOLVED,1,1,5,R F2 R2 U2 B,0.005151,95.3,33.1,281,4221,60.0,60.0,1,0.000,3764.000
Bidirectional,parallel,48,10,6,F2 D' B2 L' D R',SOLVED,1,1,6,R D' L B2 D F2,0.006279,95.6,35.1,524,7866,60.0,60.0,1,0.000,7004.000
Bidirectional,parallel,48,11,6,F R2 B L' F' D',SOLVED,1,1,6,D F L B' R2 F',0.004962,100.0,33.1,524,7866,60.0,60.0,1,0.000,7004.000
Bidirectional,parallel,48,12,7,R U F2 B2 U' D' B,SOLVED,1,1,7,B' U D F2 B2 U' R',0.005941,106.3,47.1,3764,56466,60.0,60.0,1,0.000,50243.000
Bidirectional,parallel,48,13,7,B2 L U' D2 R2 D L,SOLVED,1,1,7,L' D' R2 U D2 L' B2,0.006934,110.1,43.7,3764,56466,60.0,60.0,1,0.000,50243.000
Bidirectional,parallel,48,14,8,F2 R2 B' U R' B U2 R,SOLVED,1,1,8,R' U2 B' R U' B R2 F2,0.006859,107.0,33.2,7004,105066,60.0,60.0,1,0.000,93482.000
Bidirectional,parallel,48,15,8,D' L D' F' D2 L' F' R2,SOLVED,1,1,8,R2 F L D2 F D L' D,0.006417,109.9,36.4,7004,105066,60.0,60.0,1,0.000,93482.000
Bidirectional,parallel,48,16,9,R B2 U F B' D R D2 B',SOLVED,1,1,9,B D2 R' D' B F' U' B2 R',0.008995,139.5,62.1,50243,753651,60.0,60.0,1,0.000,668390.000
Bidirectional,parallel,48,17,9,R2 D' B U F U2 L' R' D,SOLVED,1,1,9,D' R L U2 F' U' B' D R2,0.009370,152.5,35.1,50243,753651,60.0,60.0,1,0.000,668390.000
Bidirectional,parallel,48,18,10,F2 R' B D2 F R' D2 L2 B' D',SOLVED,1,1,10,D B L2 D2 R F' D2 B' R F2,0.013757,173.5,48.6,93482,1402236,60.0,60.0,1,0.000,1243298.000
Bidirectional,parallel,48,19,10,F' B L2 D2 F2 D2 B2 D L2 F',SOLVED,1,1,10,F L2 D' B2 D2 F2 D2 L2 F B',0.015046,181.9,38.5,93482,1402236,60.0,60.0,1,0.000,1243298.000
Bidirectional,parallel,48,20,11,B' R2 U' F2 R' B2 D2 B' L2 D' L2,SOLVED,1,1,11,L2 D L2 B D2 B2 R F2 U R2 B,0.070182,839.4,686.7,668390,10025856,60.0,60.0,1,0.000,8861736.000
Bidirectional,parallel,48,21,11,B D' B2 R2 D L2 R' F D B U2,SOLVED,1,1,11,U2 B' D' F' L2 R D' R2 B2 D B',0.072627,959.1,171.4,668390,10025856,60.0,60.0,1,0.000,8861736.000
Bidirectional,parallel,48,22,12,U L2 D' B' L' D F2 R U' R2 D R',SOLVED,1,1,12,R D' R2 U R' F2 D' L B D L2 U',0.137137,1197.7,301.4,1243298,18649476,60.0,60.0,1,0.000,16480174.000
Bidirectional,parallel,48,23,12,R2 B L2 U F2 R' D' B' R B' L D,SOLVED,1,1,12,D' L' B R' B D R F2 U' L2 B' R2,0.132987,1249.8,212.1,1243298,18649476,60.0,60.0,1,0.000,16480174.000
