algorithm,version,threads,test_id,scramble_depth,scramble,status,solved,verified,solution_length,solution,time_s,mem_peak_mb,mem_search_mb,nodes_expanded,nodes_generated,timeout_s,mem_limit_gb,seed,setup_s,depth_completed
IDDFS,sequential,1,0,1,B2,SOLVED,1,1,1,B2,0.000002,3.4,0.0,17,17,30.0,60.0,1,0.000,0.000
IDDFS,sequential,1,1,1,L',SOLVED,1,1,1,L,0.000000,3.5,0.0,7,7,30.0,60.0,1,0.000,0.000
IDDFS,sequential,1,2,2,B' L,SOLVED,1,1,2,L' B,0.000004,3.5,0.0,151,151,30.0,60.0,1,0.000,1.000
IDDFS,sequential,1,3,2,R' B2,SOLVED,1,1,2,B2 R,0.000005,3.5,0.0,264,264,30.0,60.0,1,0.000,1.000
IDDFS,sequential,1,4,3,R2 B' L,SOLVED,1,1,3,L' B R2,0.000038,3.5,0.0,2061,2061,30.0,60.0,1,0.000,2.000
IDDFS,sequential,1,5,3,F' R' F2,SOLVED,1,1,3,F2 R F,0.000049,3.5,0.0,2971,2971,30.0,60.0,1,0.000,2.000
IDDFS,sequential,1,6,4,F2 R' B' U2,SOLVED,1,1,4,U2 B R F2,0.000147,3.5,0.0,9120,9120,30.0,60.0,1,0.000,3.000
IDDFS,sequential,1,7,4,D' L' D R,SOLVED,1,1,4,R' D' L D,0.000530,3.5,0.0,33614,33614,30.0,60.0,1,0.000,3.000
IDDFS,sequential,1,8,5,R' F' R B2 R,SOLVED,1,1,5,R' B2 R' F R,0.007532,3.5,0.0,464206,464206,30.0,60.0,1,0.000,4.000
IDDFS,sequential,1,9,5,B' U2 R2 F2 R',SOLVED,1,1,5,R F2 R2 U2 B,0.006335,3.5,0.0,393566,393566,30.0,60.0,1,0.000,4.000
IDDFS,sequential,1,10,6,F2 D' B2 L' D R',SOLVED,1,1,6,R D' L B2 D F2,0.081753,3.5,0.0,5159923,5159923,30.0,60.0,1,0.000,5.000
IDDFS,sequential,1,11,6,F R2 B L' F' D',SOLVED,1,1,6,D F L B' R2 F',0.038632,3.5,0.0,2429918,2429918,30.0,60.0,1,0.000,5.000
IDDFS,sequential,1,12,7,R U F2 B2 U' D' B,SOLVED,1,1,7,B' U D F2 B2 U' R',1.852990,3.5,0.0,114680286,114680286,30.0,60.0,1,0.000,6.000
IDDFS,sequential,1,13,7,B2 L U' D2 R2 D L,SOLVED,1,1,7,L' D' R2 U D2 L' B2,1.003716,3.5,0.0,62186494,62186494,30.0,60.0,1,0.000,6.000
IDDFS,sequential,1,14,8,F2 R2 B' U R' B U2 R,SOLVED,1,1,8,R' U2 B' R U' B R2 F2,16.627099,3.5,0.0,1049228405,1049228405,30.0,60.0,1,0.000,7.000
IDDFS,sequential,1,15,8,D' L D' F' D2 L' F' R2,SOLVED,1,1,8,R2 F L D2 F D L' D,15.880602,3.5,0.0,1001578863,1001578863,30.0,60.0,1,0.000,7.000
